{
    "initial_training": {
        "accuracy": [
            0.1614285707473755,
            0.16857142746448517,
            0.16571427881717682,
            0.15142856538295746,
            0.16238094866275787,
            0.16190476715564728,
            0.16904762387275696,
            0.15285713970661163,
            0.15761904418468475,
            0.1609523743391037,
            0.17476190626621246,
            0.15333333611488342,
            0.1552380919456482,
            0.1719047576189041,
            0.1723809540271759,
            0.15666666626930237,
            0.167142853140831,
            0.15333333611488342,
            0.15000000596046448,
            0.1728571355342865,
            0.16476190090179443,
            0.17952381074428558,
            0.17000000178813934,
            0.16380952298641205,
            0.15952381491661072,
            0.17047618329524994,
            0.15714286267757416,
            0.15380951762199402,
            0.16761904954910278,
            0.16428571939468384
        ],
        "loss": [
            1.8952444791793823,
            1.8920621871948242,
            1.8869932889938354,
            1.8880695104599,
            1.8832277059555054,
            1.8801401853561401,
            1.8815369606018066,
            1.8775960206985474,
            1.8753769397735596,
            1.8755253553390503,
            1.8728607892990112,
            1.8769391775131226,
            1.8755587339401245,
            1.8700618743896484,
            1.8700153827667236,
            1.8717783689498901,
            1.8685137033462524,
            1.8736215829849243,
            1.871593952178955,
            1.863739013671875,
            1.8671057224273682,
            1.864777684211731,
            1.8657282590866089,
            1.8659048080444336,
            1.8651787042617798,
            1.865451455116272,
            1.865830421447754,
            1.8662117719650269,
            1.8609970808029175,
            1.862458348274231
        ],
        "val_accuracy": [
            0.1666666716337204,
            0.1666666716337204,
            0.1666666716337204,
            0.1666666716337204,
            0.1666666716337204,
            0.1666666716337204,
            0.1666666716337204,
            0.1666666716337204,
            0.1666666716337204,
            0.1666666716337204,
            0.1666666716337204,
            0.1666666716337204,
            0.1666666716337204,
            0.1666666716337204,
            0.1666666716337204,
            0.1666666716337204,
            0.1666666716337204,
            0.1666666716337204,
            0.1666666716337204,
            0.1666666716337204,
            0.1666666716337204,
            0.1666666716337204,
            0.1666666716337204,
            0.1666666716337204,
            0.1666666716337204,
            0.1666666716337204,
            0.1666666716337204,
            0.1666666716337204,
            0.1666666716337204,
            0.1666666716337204
        ],
        "val_loss": [
            1.868856430053711,
            1.869246482849121,
            1.8696078062057495,
            1.869494915008545,
            1.8691378831863403,
            1.867850661277771,
            1.8703794479370117,
            1.8678441047668457,
            1.8679587841033936,
            1.8679090738296509,
            1.8677823543548584,
            1.8672301769256592,
            1.8674312829971313,
            1.86629056930542,
            1.8653408288955688,
            1.8658338785171509,
            1.8651401996612549,
            1.8646341562271118,
            1.8641034364700317,
            1.863549828529358,
            1.8630759716033936,
            1.8632160425186157,
            1.8626840114593506,
            1.862312912940979,
            1.8623511791229248,
            1.8617316484451294,
            1.8613579273223877,
            1.8606294393539429,
            1.8602432012557983,
            1.860129952430725
        ]
    },
    "fine_tune_training": {
        "accuracy": [
            0.2438095211982727,
            0.42523810267448425,
            0.5747619271278381,
            0.6342856884002686,
            0.6866666674613953,
            0.7114285826683044,
            0.7200000286102295,
            0.7495238184928894,
            0.7747619152069092,
            0.7752380967140198
        ],
        "loss": [
            1.8028861284255981,
            1.5442789793014526,
            1.3368080854415894,
            1.1763235330581665,
            1.0505461692810059,
            0.9587560892105103,
            0.8998718857765198,
            0.8257297277450562,
            0.7710873484611511,
            0.7436884045600891
        ],
        "val_accuracy": [
            0.1666666716337204,
            0.1666666716337204,
            0.17803029716014862,
            0.15530303120613098,
            0.10227272659540176,
            0.3087121248245239,
            0.4469696879386902,
            0.4375,
            0.4318181872367859,
            0.43560606241226196
        ],
        "val_loss": [
            1.8623934984207153,
            1.8638008832931519,
            1.855657696723938,
            1.9119421243667603,
            1.89371657371521,
            1.7542173862457275,
            1.6505285501480103,
            1.621996283531189,
            1.636613368988037,
            1.5226035118103027
        ]
    },
    "classification_report": {
        "bacterial_leaf_blight": {
            "precision": 0.48026315789473684,
            "recall": 0.8295454545454546,
            "f1-score": 0.6083333333333334,
            "support": 88
        },
        "brown_spot": {
            "precision": 0.4297520661157025,
            "recall": 0.5909090909090909,
            "f1-score": 0.49760765550239233,
            "support": 88
        },
        "healthy": {
            "precision": 0.6666666666666666,
            "recall": 0.022727272727272728,
            "f1-score": 0.04395604395604396,
            "support": 88
        },
        "leaf_blast": {
            "precision": 0.2849740932642487,
            "recall": 0.625,
            "f1-score": 0.3914590747330961,
            "support": 88
        },
        "leaf_scald": {
            "precision": 0.8135593220338984,
            "recall": 0.5454545454545454,
            "f1-score": 0.653061224489796,
            "support": 88
        },
        "narrow_brown_spot": {
            "precision": 0.0,
            "recall": 0.0,
            "f1-score": 0.0,
            "support": 88
        },
        "accuracy": 0.4356060606060606,
        "macro avg": {
            "precision": 0.4458692176625422,
            "recall": 0.4356060606060606,
            "f1-score": 0.3657362220024436,
            "support": 528
        },
        "weighted avg": {
            "precision": 0.44586921766254217,
            "recall": 0.4356060606060606,
            "f1-score": 0.36573622200244366,
            "support": 528
        }
    }
}